<?xml version='1.0' encoding='UTF-8' standalone='no'?>
<section xmlns="http://docbook.org/ns/docbook" version="5.0" xmlns:xlink="http://www.w3.org/1999/xlink" xml:id="__controller_8php" xml:lang="es">
<title>Referencia del Archivo Controller.php</title>
<indexterm><primary>Controller.php</primary></indexterm>
<simplesect>
    <title>Estructuras de datos    </title>
        <itemizedlist>
            <listitem><para>class <link linkend="_class_app_1_1_http_1_1_controllers_1_1_controller">Controller</link></para>
</listitem>
        </itemizedlist>
</simplesect>
<simplesect>
    <title>Namespaces    </title>
        <itemizedlist>
            <listitem><para>namespace <link linkend="_namespace_app_1_1_http_1_1_controllers">App\Http\Controllers</link></para>
</listitem>
        </itemizedlist>
</simplesect>
</section>
