<?xml version='1.0' encoding='UTF-8' standalone='no'?>
<section xmlns="http://docbook.org/ns/docbook" version="5.0" xmlns:xlink="http://www.w3.org/1999/xlink" xml:id="_annotated" xml:lang="es">
<title>Estructura de datos</title>
Lista de estructuras con una breve descripción:<link linkend="_class_app_1_1_http_1_1_controllers_1_1_controller">Controller</link><link linkend="_class_app_1_1_http_1_1_controllers_1_1_empleado_controller">EmpleadoController</link><link linkend="_class_app_1_1_http_1_1_controllers_1_1_home_controller">HomeController</link></section>
