<?xml version='1.0' encoding='UTF-8' standalone='no'?>
<section xmlns="http://docbook.org/ns/docbook" version="5.0" xmlns:xlink="http://www.w3.org/1999/xlink" xml:id="_class_app_1_1_http_1_1_controllers_1_1_home_controller" xml:lang="es">
<title>Referencia de la Clase HomeController</title>
<indexterm><primary>HomeController</primary></indexterm>
Diagrama de herencias de HomeController<para>
    <informalfigure>
        <mediaobject>
            <imageobject>
                <imagedata width="50%" align="center" valign="middle" scalefit="0" fileref="class_app_1_1_http_1_1_controllers_1_1_home_controller__inherit__graph.png"></imagedata>
            </imageobject>
        </mediaobject>
    </informalfigure>
</para>
Diagrama de colaboración para HomeController:<para>
    <informalfigure>
        <mediaobject>
            <imageobject>
                <imagedata width="50%" align="center" valign="middle" scalefit="0" fileref="class_app_1_1_http_1_1_controllers_1_1_home_controller__coll__graph.png"></imagedata>
            </imageobject>
        </mediaobject>
    </informalfigure>
</para>
<simplesect>
    <title>Métodos públicos    </title>
        <itemizedlist>
            <listitem><para><link linkend="_class_app_1_1_http_1_1_controllers_1_1_home_controller_1a095c5d389db211932136b53f25f39685">__construct</link> ()</para>
</listitem>
            <listitem><para><link linkend="_class_app_1_1_http_1_1_controllers_1_1_home_controller_1a149eb92716c1084a935e04a8d95f7347">index</link> ()</para>
</listitem>
        </itemizedlist>
</simplesect>
<section>
<title>Documentación del constructor y destructor</title>
<anchor xml:id="_class_app_1_1_http_1_1_controllers_1_1_home_controller_1a095c5d389db211932136b53f25f39685"/><section>
    <title>__construct()</title>
<indexterm><primary>__construct</primary><secondary>HomeController</secondary></indexterm>
<indexterm><primary>HomeController</primary><secondary>__construct</secondary></indexterm>
<para><computeroutput>__construct ( )</computeroutput></para>
<para>Create a new controller instance.</para>

<para><formalpara><title>Devuelve</title>

<para>void </para>
</formalpara>
</para>
</section>
</section>
<section>
<title>Documentación de las funciones miembro</title>
<anchor xml:id="_class_app_1_1_http_1_1_controllers_1_1_home_controller_1a149eb92716c1084a935e04a8d95f7347"/><section>
    <title>index()</title>
<indexterm><primary>index</primary><secondary>HomeController</secondary></indexterm>
<indexterm><primary>HomeController</primary><secondary>index</secondary></indexterm>
<para><computeroutput>index ( )</computeroutput></para>
<para>Show the application dashboard.</para>

<para><formalpara><title>Devuelve</title>

<para>\Illuminate\Contracts\Support\Renderable </para>
</formalpara>
</para>
</section>
<para>
La documentación para esta clase fue generada a partir del siguiente fichero:</para>
<link linkend="__home_controller_8php">HomeController.php</link></section>
</section>
