<?xml version='1.0' encoding='UTF-8' standalone='no'?>
<section xmlns="http://docbook.org/ns/docbook" version="5.0" xmlns:xlink="http://www.w3.org/1999/xlink" xml:id="_class_app_1_1_http_1_1_controllers_1_1_controller" xml:lang="es">
<title>Referencia de la Clase Controller</title>
<indexterm><primary>Controller</primary></indexterm>
Diagrama de herencias de Controller<para>
    <informalfigure>
        <mediaobject>
            <imageobject>
                <imagedata width="50%" align="center" valign="middle" scalefit="0" fileref="class_app_1_1_http_1_1_controllers_1_1_controller__inherit__graph.png"></imagedata>
            </imageobject>
        </mediaobject>
    </informalfigure>
</para>
Diagrama de colaboración para Controller:<para>
    <informalfigure>
        <mediaobject>
            <imageobject>
                <imagedata width="50%" align="center" valign="middle" scalefit="0" fileref="class_app_1_1_http_1_1_controllers_1_1_controller__coll__graph.png"></imagedata>
            </imageobject>
        </mediaobject>
    </informalfigure>
</para>
<para>
La documentación para esta clase fue generada a partir del siguiente fichero:</para>
<link linkend="__controller_8php">Controller.php</link></section>
