<?xml version='1.0' encoding='UTF-8' standalone='no'?>
<section xmlns="http://docbook.org/ns/docbook" version="5.0" xmlns:xlink="http://www.w3.org/1999/xlink" xml:id="_class_app_1_1_http_1_1_controllers_1_1_empleado_controller" xml:lang="es">
<title>Referencia de la Clase EmpleadoController</title>
<indexterm><primary>EmpleadoController</primary></indexterm>
Diagrama de herencias de EmpleadoController<para>
    <informalfigure>
        <mediaobject>
            <imageobject>
                <imagedata width="50%" align="center" valign="middle" scalefit="0" fileref="class_app_1_1_http_1_1_controllers_1_1_empleado_controller__inherit__graph.png"></imagedata>
            </imageobject>
        </mediaobject>
    </informalfigure>
</para>
Diagrama de colaboración para EmpleadoController:<para>
    <informalfigure>
        <mediaobject>
            <imageobject>
                <imagedata width="50%" align="center" valign="middle" scalefit="0" fileref="class_app_1_1_http_1_1_controllers_1_1_empleado_controller__coll__graph.png"></imagedata>
            </imageobject>
        </mediaobject>
    </informalfigure>
</para>
<simplesect>
    <title>Métodos públicos    </title>
        <itemizedlist>
            <listitem><para><link linkend="_class_app_1_1_http_1_1_controllers_1_1_empleado_controller_1a149eb92716c1084a935e04a8d95f7347">index</link> ()</para>
</listitem>
            <listitem><para><link linkend="_class_app_1_1_http_1_1_controllers_1_1_empleado_controller_1a435e7d7525d4bcd0ed5e34a469f3adf6">create</link> ()</para>
</listitem>
            <listitem><para><link linkend="_class_app_1_1_http_1_1_controllers_1_1_empleado_controller_1a9ef485163104597c12185b53cdacf638">store</link> (Request $request)</para>
</listitem>
            <listitem><para><link linkend="_class_app_1_1_http_1_1_controllers_1_1_empleado_controller_1a043090bbf0172e181aa523f70e24854b">show</link> (Empleado $empleado)</para>
</listitem>
            <listitem><para><link linkend="_class_app_1_1_http_1_1_controllers_1_1_empleado_controller_1a459ed16587e3a50b39b672c7e473abc5">edit</link> ($id)</para>
</listitem>
            <listitem><para><link linkend="_class_app_1_1_http_1_1_controllers_1_1_empleado_controller_1affb03cc19897a1800a0f411264d6c7cc">update</link> (Request $request, $id)</para>
</listitem>
            <listitem><para><link linkend="_class_app_1_1_http_1_1_controllers_1_1_empleado_controller_1a726fa8a4b4b187b9ca32ba427aac8137">destroy</link> ($id)</para>
</listitem>
            <listitem><para><link linkend="_class_app_1_1_http_1_1_controllers_1_1_empleado_controller_1a7e6ddcb4f6eca7aedb71bdd54df2a096">deleteall</link> (Request $request)</para>
</listitem>
        </itemizedlist>
</simplesect>
<section>
<title>Documentación de las funciones miembro</title>
<anchor xml:id="_class_app_1_1_http_1_1_controllers_1_1_empleado_controller_1a435e7d7525d4bcd0ed5e34a469f3adf6"/><section>
    <title>create()</title>
<indexterm><primary>create</primary><secondary>EmpleadoController</secondary></indexterm>
<indexterm><primary>EmpleadoController</primary><secondary>create</secondary></indexterm>
<para><computeroutput>create ( )</computeroutput></para>
<para>Show the form for creating a new resource.</para>

<para><formalpara><title>Devuelve</title>

<para>\Illuminate\Http\Response </para>
</formalpara>
</para>
</section>
<anchor xml:id="_class_app_1_1_http_1_1_controllers_1_1_empleado_controller_1a7e6ddcb4f6eca7aedb71bdd54df2a096"/><section>
    <title>deleteall()</title>
<indexterm><primary>deleteall</primary><secondary>EmpleadoController</secondary></indexterm>
<indexterm><primary>EmpleadoController</primary><secondary>deleteall</secondary></indexterm>
<para><computeroutput>deleteall (Request $request)</computeroutput></para></section>
<anchor xml:id="_class_app_1_1_http_1_1_controllers_1_1_empleado_controller_1a726fa8a4b4b187b9ca32ba427aac8137"/><section>
    <title>destroy()</title>
<indexterm><primary>destroy</primary><secondary>EmpleadoController</secondary></indexterm>
<indexterm><primary>EmpleadoController</primary><secondary>destroy</secondary></indexterm>
<para><computeroutput>destroy ( $id)</computeroutput></para>
<para>Remove the specified resource from storage.</para>

<para>
                <formalpara>
                    <title>
Parámetros</title>
                    <para>
                    <table frame="all">
                        <tgroup cols="3" align="left" colsep="1" rowsep="1">
                        <colspec colwidth="1*"/>
                        <colspec colwidth="1*"/>
                        <colspec colwidth="4*"/>
                        <tbody>
                            <row>
<entry>\App\Models\Empleado</entry><entry>$empleado</entry><entry>
<para></para>
</entry>
                            </row>
                        </tbody>
                        </tgroup>
                    </table>
                    </para>
                </formalpara>
                <formalpara><title>Devuelve</title>

<para>\Illuminate\Http\Response </para>
</formalpara>
</para>
</section>
<anchor xml:id="_class_app_1_1_http_1_1_controllers_1_1_empleado_controller_1a459ed16587e3a50b39b672c7e473abc5"/><section>
    <title>edit()</title>
<indexterm><primary>edit</primary><secondary>EmpleadoController</secondary></indexterm>
<indexterm><primary>EmpleadoController</primary><secondary>edit</secondary></indexterm>
<para><computeroutput>edit ( $id)</computeroutput></para>
<para>Show the form for editing the specified resource.</para>

<para>
                <formalpara>
                    <title>
Parámetros</title>
                    <para>
                    <table frame="all">
                        <tgroup cols="3" align="left" colsep="1" rowsep="1">
                        <colspec colwidth="1*"/>
                        <colspec colwidth="1*"/>
                        <colspec colwidth="4*"/>
                        <tbody>
                            <row>
<entry>\App\Models\Empleado</entry><entry>$empleado</entry><entry>
<para></para>
</entry>
                            </row>
                        </tbody>
                        </tgroup>
                    </table>
                    </para>
                </formalpara>
                <formalpara><title>Devuelve</title>

<para>\Illuminate\Http\Response </para>
</formalpara>
</para>
</section>
<anchor xml:id="_class_app_1_1_http_1_1_controllers_1_1_empleado_controller_1a149eb92716c1084a935e04a8d95f7347"/><section>
    <title>index()</title>
<indexterm><primary>index</primary><secondary>EmpleadoController</secondary></indexterm>
<indexterm><primary>EmpleadoController</primary><secondary>index</secondary></indexterm>
<para><computeroutput>index ( )</computeroutput></para>
<para>Display a listing of the resource.</para>

<para><formalpara><title>Devuelve</title>

<para>\Illuminate\Http\Response </para>
</formalpara>
</para>
</section>
<anchor xml:id="_class_app_1_1_http_1_1_controllers_1_1_empleado_controller_1a043090bbf0172e181aa523f70e24854b"/><section>
    <title>show()</title>
<indexterm><primary>show</primary><secondary>EmpleadoController</secondary></indexterm>
<indexterm><primary>EmpleadoController</primary><secondary>show</secondary></indexterm>
<para><computeroutput>show (Empleado $empleado)</computeroutput></para>
<para>Display the specified resource.</para>

<para>
                <formalpara>
                    <title>
Parámetros</title>
                    <para>
                    <table frame="all">
                        <tgroup cols="3" align="left" colsep="1" rowsep="1">
                        <colspec colwidth="1*"/>
                        <colspec colwidth="1*"/>
                        <colspec colwidth="4*"/>
                        <tbody>
                            <row>
<entry>\App\Models\Empleado</entry><entry>$empleado</entry><entry>
<para></para>
</entry>
                            </row>
                        </tbody>
                        </tgroup>
                    </table>
                    </para>
                </formalpara>
                <formalpara><title>Devuelve</title>

<para>\Illuminate\Http\Response </para>
</formalpara>
</para>
</section>
<anchor xml:id="_class_app_1_1_http_1_1_controllers_1_1_empleado_controller_1a9ef485163104597c12185b53cdacf638"/><section>
    <title>store()</title>
<indexterm><primary>store</primary><secondary>EmpleadoController</secondary></indexterm>
<indexterm><primary>EmpleadoController</primary><secondary>store</secondary></indexterm>
<para><computeroutput>store (Request $request)</computeroutput></para>
<para>Store a newly created resource in storage.</para>

<para>
                <formalpara>
                    <title>
Parámetros</title>
                    <para>
                    <table frame="all">
                        <tgroup cols="3" align="left" colsep="1" rowsep="1">
                        <colspec colwidth="1*"/>
                        <colspec colwidth="1*"/>
                        <colspec colwidth="4*"/>
                        <tbody>
                            <row>
<entry>\Illuminate\Http\Request</entry><entry>$request</entry><entry>
<para></para>
</entry>
                            </row>
                        </tbody>
                        </tgroup>
                    </table>
                    </para>
                </formalpara>
                <formalpara><title>Devuelve</title>

<para>\Illuminate\Http\Response </para>
</formalpara>
</para>
</section>
<anchor xml:id="_class_app_1_1_http_1_1_controllers_1_1_empleado_controller_1affb03cc19897a1800a0f411264d6c7cc"/><section>
    <title>update()</title>
<indexterm><primary>update</primary><secondary>EmpleadoController</secondary></indexterm>
<indexterm><primary>EmpleadoController</primary><secondary>update</secondary></indexterm>
<para><computeroutput>update (Request $request,  $id)</computeroutput></para>
<para>Update the specified resource in storage.</para>

<para>
                <formalpara>
                    <title>
Parámetros</title>
                    <para>
                    <table frame="all">
                        <tgroup cols="3" align="left" colsep="1" rowsep="1">
                        <colspec colwidth="1*"/>
                        <colspec colwidth="1*"/>
                        <colspec colwidth="4*"/>
                        <tbody>
                            <row>
<entry>\Illuminate\Http\Request</entry><entry>$request</entry><entry>
<para></para>
</entry>
                            </row>
                            <row>
<entry>\App\Models\Empleado</entry><entry>$empleado</entry><entry>
<para></para>
</entry>
                            </row>
                        </tbody>
                        </tgroup>
                    </table>
                    </para>
                </formalpara>
                <formalpara><title>Devuelve</title>

<para>\Illuminate\Http\Response </para>
</formalpara>
</para>
</section>
<para>
La documentación para esta clase fue generada a partir del siguiente fichero:</para>
<link linkend="__empleado_controller_8php">EmpleadoController.php</link></section>
</section>
