<?xml version='1.0' encoding='UTF-8' standalone='no'?>
<book xmlns="http://docbook.org/ns/docbook" version="5.0" xmlns:xlink="http://www.w3.org/1999/xlink" xml:id="_index" xml:lang="es">
    <info>
    <title>CRUD Laravel</title>
    </info>
<chapter>
    <title>Documentación de namespaces</title>
<xi:include href="namespace_app_1_1_http_1_1_controllers.xml" xmlns:xi="http://www.w3.org/2001/XInclude"/>
</chapter>
<chapter>
    <title>Documentación de las estructuras de datos</title>
    <xi:include href="class_app_1_1_http_1_1_controllers_1_1_controller.xml" xmlns:xi="http://www.w3.org/2001/XInclude"/>
    <xi:include href="class_app_1_1_http_1_1_controllers_1_1_empleado_controller.xml" xmlns:xi="http://www.w3.org/2001/XInclude"/>
    <xi:include href="class_app_1_1_http_1_1_controllers_1_1_home_controller.xml" xmlns:xi="http://www.w3.org/2001/XInclude"/>
</chapter>
<chapter>
    <title>Documentación de archivos</title>
    <xi:include href="_controller_8php.xml" xmlns:xi="http://www.w3.org/2001/XInclude"/>
    <xi:include href="_empleado_controller_8php.xml" xmlns:xi="http://www.w3.org/2001/XInclude"/>
    <xi:include href="_home_controller_8php.xml" xmlns:xi="http://www.w3.org/2001/XInclude"/>
</chapter>
<index/>
</book>
