<?xml version='1.0' encoding='UTF-8' standalone='no'?>
<section xmlns="http://docbook.org/ns/docbook" version="5.0" xmlns:xlink="http://www.w3.org/1999/xlink" xml:id="_namespace_app_1_1_http_1_1_controllers" xml:lang="es">
<title>Referencia del Namespace App\Http\Controllers</title>
<indexterm><primary>App\Http\Controllers</primary></indexterm>
<simplesect>
    <title>Estructuras de datos    </title>
        <itemizedlist>
            <listitem><para>class <link linkend="_class_app_1_1_http_1_1_controllers_1_1_controller">Controller</link></para>
</listitem>
            <listitem><para>class <link linkend="_class_app_1_1_http_1_1_controllers_1_1_empleado_controller">EmpleadoController</link></para>
</listitem>
            <listitem><para>class <link linkend="_class_app_1_1_http_1_1_controllers_1_1_home_controller">HomeController</link></para>
</listitem>
        </itemizedlist>
</simplesect>
</section>
