<?xml version='1.0' encoding='UTF-8' standalone='no'?>
<doxygen xmlns:xsi="http://www.w3.org/2001/XMLSchema-instance" xsi:noNamespaceSchemaLocation="compound.xsd" version="1.9.2" xml:lang="es">
  <compounddef id="_controller_8php" kind="file" language="PHP">
    <compoundname>Controller.php</compoundname>
    <innerclass refid="class_app_1_1_http_1_1_controllers_1_1_controller" prot="public">App::Http::Controllers::Controller</innerclass>
    <innernamespace refid="namespace_app_1_1_http_1_1_controllers">App::Http::Controllers</innernamespace>
    <innernamespace refid="namespace_illuminate_1_1_foundation_1_1_auth_1_1_access_1_1_authorizes_requests">Illuminate::Foundation::Auth::Access::AuthorizesRequests</innernamespace>
    <innernamespace refid="namespace_illuminate_1_1_foundation_1_1_bus_1_1_dispatches_jobs">Illuminate::Foundation::Bus::DispatchesJobs</innernamespace>
    <innernamespace refid="namespace_illuminate_1_1_foundation_1_1_validation_1_1_validates_requests">Illuminate::Foundation::Validation::ValidatesRequests</innernamespace>
    <innernamespace refid="namespace_authorizes_requests">AuthorizesRequests</innernamespace>
    <innernamespace refid="namespace_dispatches_jobs">DispatchesJobs</innernamespace>
    <innernamespace refid="namespace_validates_requests">ValidatesRequests</innernamespace>
    <briefdescription>
    </briefdescription>
    <detaileddescription>
    </detaileddescription>
    <programlisting>
<codeline lineno="1"><highlight class="normal">&lt;?php</highlight></codeline>
<codeline lineno="2"><highlight class="normal"></highlight></codeline>
<codeline lineno="3" refid="namespace_app_1_1_http_1_1_controllers" refkind="compound"><highlight class="normal"></highlight><highlight class="keyword">namespace<sp/></highlight><highlight class="normal"><ref refid="namespace_app_1_1_http_1_1_controllers" kindref="compound">App\Http\Controllers</ref>;</highlight></codeline>
<codeline lineno="4"><highlight class="normal"></highlight></codeline>
<codeline lineno="5"><highlight class="normal">use<sp/>Illuminate\Foundation\Auth\Access\AuthorizesRequests;</highlight></codeline>
<codeline lineno="6"><highlight class="normal">use<sp/>Illuminate\Foundation\Bus\DispatchesJobs;</highlight></codeline>
<codeline lineno="7"><highlight class="normal">use<sp/>Illuminate\Foundation\Validation\ValidatesRequests;</highlight></codeline>
<codeline lineno="8"><highlight class="normal">use<sp/>Illuminate\Routing\Controller<sp/>as<sp/>BaseController;</highlight></codeline>
<codeline lineno="9"><highlight class="normal"></highlight></codeline>
<codeline lineno="10" refid="class_app_1_1_http_1_1_controllers_1_1_controller" refkind="compound"><highlight class="normal"></highlight><highlight class="keyword">class<sp/></highlight><highlight class="normal"><ref refid="class_app_1_1_http_1_1_controllers_1_1_controller" kindref="compound">Controller</ref><sp/></highlight><highlight class="keyword">extends</highlight><highlight class="normal"><sp/>BaseController</highlight></codeline>
<codeline lineno="11"><highlight class="normal">{</highlight></codeline>
<codeline lineno="12"><highlight class="normal"><sp/><sp/><sp/><sp/>use<sp/>AuthorizesRequests,<sp/>DispatchesJobs,<sp/>ValidatesRequests;</highlight></codeline>
<codeline lineno="13"><highlight class="normal">}</highlight></codeline>
    </programlisting>
    <location file="Controller.php"/>
  </compounddef>
</doxygen>
