<?xml version='1.0' encoding='UTF-8' standalone='no'?>
<doxygen xmlns:xsi="http://www.w3.org/2001/XMLSchema-instance" xsi:noNamespaceSchemaLocation="compound.xsd" version="1.9.2" xml:lang="es">
  <compounddef id="_empleado_controller_8php" kind="file" language="PHP">
    <compoundname>EmpleadoController.php</compoundname>
    <innerclass refid="class_app_1_1_http_1_1_controllers_1_1_empleado_controller" prot="public">App::Http::Controllers::EmpleadoController</innerclass>
    <innernamespace refid="namespace_app_1_1_http_1_1_controllers">App::Http::Controllers</innernamespace>
    <innernamespace refid="namespace_app_1_1_models_1_1_empleado">App::Models::Empleado</innernamespace>
    <innernamespace refid="namespace_illuminate_1_1_support_1_1_facades_1_1_d_b">Illuminate::Support::Facades::DB</innernamespace>
    <innernamespace refid="namespace_illuminate_1_1_http_1_1_request">Illuminate::Http::Request</innernamespace>
    <innernamespace refid="namespace_illuminate_1_1_support_1_1_facades_1_1_storage">Illuminate::Support::Facades::Storage</innernamespace>
    <briefdescription>
    </briefdescription>
    <detaileddescription>
    </detaileddescription>
    <programlisting>
<codeline lineno="1"><highlight class="normal">&lt;?php</highlight></codeline>
<codeline lineno="2"><highlight class="normal"></highlight></codeline>
<codeline lineno="3"><highlight class="normal"></highlight><highlight class="keyword">namespace<sp/></highlight><highlight class="normal"><ref refid="namespace_app_1_1_http_1_1_controllers" kindref="compound">App\Http\Controllers</ref>;</highlight></codeline>
<codeline lineno="4"><highlight class="normal"></highlight></codeline>
<codeline lineno="5"><highlight class="normal">use<sp/>App\Models\Empleado;</highlight></codeline>
<codeline lineno="6"><highlight class="normal">use<sp/>Illuminate\Support\Facades\DB;</highlight></codeline>
<codeline lineno="7"><highlight class="normal">use<sp/>Illuminate\Http\Request;</highlight></codeline>
<codeline lineno="8"><highlight class="normal"></highlight></codeline>
<codeline lineno="9"><highlight class="normal">use<sp/>Illuminate\Support\Facades\Storage;</highlight></codeline>
<codeline lineno="10"><highlight class="normal"></highlight></codeline>
<codeline lineno="11" refid="class_app_1_1_http_1_1_controllers_1_1_empleado_controller" refkind="compound"><highlight class="normal"></highlight><highlight class="keyword">class<sp/></highlight><highlight class="normal"><ref refid="class_app_1_1_http_1_1_controllers_1_1_empleado_controller" kindref="compound">EmpleadoController</ref><sp/></highlight><highlight class="keyword">extends</highlight><highlight class="normal"><sp/><ref refid="class_app_1_1_http_1_1_controllers_1_1_controller" kindref="compound">Controller</ref></highlight></codeline>
<codeline lineno="12"><highlight class="normal">{</highlight></codeline>
<codeline lineno="18"><highlight class="normal"><sp/><sp/><sp/><sp/></highlight><highlight class="keyword">public</highlight><highlight class="normal"><sp/></highlight><highlight class="keyword">function</highlight><highlight class="normal"><sp/><ref refid="class_app_1_1_http_1_1_controllers_1_1_empleado_controller_1a149eb92716c1084a935e04a8d95f7347" kindref="member">index</ref>()</highlight></codeline>
<codeline lineno="19"><highlight class="normal"><sp/><sp/><sp/><sp/>{</highlight></codeline>
<codeline lineno="20"><highlight class="normal"><sp/><sp/><sp/><sp/><sp/><sp/><sp/><sp/></highlight><highlight class="comment">//</highlight><highlight class="normal"></highlight></codeline>
<codeline lineno="21"><highlight class="normal"><sp/><sp/><sp/><sp/><sp/><sp/><sp/><sp/>$datos[</highlight><highlight class="stringliteral">&apos;empleados&apos;</highlight><highlight class="normal">]=Empleado::paginate(5);</highlight></codeline>
<codeline lineno="22"><highlight class="normal"><sp/><sp/><sp/><sp/><sp/><sp/><sp/><sp/></highlight><highlight class="keywordflow">return</highlight><highlight class="normal"><sp/>view(</highlight><highlight class="stringliteral">&apos;empleado.index&apos;</highlight><highlight class="normal">,<sp/>$datos);</highlight></codeline>
<codeline lineno="23"><highlight class="normal"><sp/><sp/><sp/><sp/>}</highlight></codeline>
<codeline lineno="24"><highlight class="normal"></highlight></codeline>
<codeline lineno="30"><highlight class="normal"><sp/><sp/><sp/><sp/></highlight><highlight class="keyword">public</highlight><highlight class="normal"><sp/></highlight><highlight class="keyword">function</highlight><highlight class="normal"><sp/><ref refid="class_app_1_1_http_1_1_controllers_1_1_empleado_controller_1a435e7d7525d4bcd0ed5e34a469f3adf6" kindref="member">create</ref>()</highlight></codeline>
<codeline lineno="31"><highlight class="normal"><sp/><sp/><sp/><sp/>{</highlight></codeline>
<codeline lineno="32"><highlight class="normal"><sp/><sp/><sp/><sp/><sp/><sp/><sp/><sp/></highlight><highlight class="comment">//</highlight><highlight class="normal"></highlight></codeline>
<codeline lineno="33"><highlight class="normal"><sp/><sp/><sp/><sp/><sp/><sp/><sp/><sp/></highlight><highlight class="keywordflow">return</highlight><highlight class="normal"><sp/>view(</highlight><highlight class="stringliteral">&apos;empleado.create&apos;</highlight><highlight class="normal">);</highlight></codeline>
<codeline lineno="34"><highlight class="normal"><sp/><sp/><sp/><sp/>}</highlight></codeline>
<codeline lineno="35"><highlight class="normal"></highlight></codeline>
<codeline lineno="42"><highlight class="normal"><sp/><sp/><sp/><sp/></highlight><highlight class="keyword">public</highlight><highlight class="normal"><sp/></highlight><highlight class="keyword">function</highlight><highlight class="normal"><sp/><ref refid="class_app_1_1_http_1_1_controllers_1_1_empleado_controller_1a9ef485163104597c12185b53cdacf638" kindref="member">store</ref>(Request<sp/>$request)</highlight></codeline>
<codeline lineno="43"><highlight class="normal"><sp/><sp/><sp/><sp/>{</highlight></codeline>
<codeline lineno="44"><highlight class="normal"><sp/><sp/><sp/><sp/><sp/><sp/><sp/><sp/></highlight><highlight class="comment">//</highlight><highlight class="normal"></highlight></codeline>
<codeline lineno="45"><highlight class="normal"></highlight></codeline>
<codeline lineno="46"><highlight class="normal"><sp/><sp/><sp/><sp/><sp/><sp/><sp/><sp/>$campos=[</highlight></codeline>
<codeline lineno="47"><highlight class="normal"><sp/><sp/><sp/><sp/><sp/><sp/><sp/><sp/><sp/><sp/><sp/><sp/></highlight><highlight class="stringliteral">&apos;Nombre&apos;</highlight><highlight class="normal">=&gt;</highlight><highlight class="stringliteral">&apos;required|string|max:100&apos;</highlight><highlight class="normal">,</highlight></codeline>
<codeline lineno="48"><highlight class="normal"><sp/><sp/><sp/><sp/><sp/><sp/><sp/><sp/><sp/><sp/><sp/><sp/></highlight><highlight class="stringliteral">&apos;ApellidoPaterno&apos;</highlight><highlight class="normal">=&gt;</highlight><highlight class="stringliteral">&apos;required|string|max:100&apos;</highlight><highlight class="normal">,</highlight></codeline>
<codeline lineno="49"><highlight class="normal"><sp/><sp/><sp/><sp/><sp/><sp/><sp/><sp/><sp/><sp/><sp/><sp/></highlight><highlight class="stringliteral">&apos;ApellidoMaterno&apos;</highlight><highlight class="normal">=&gt;</highlight><highlight class="stringliteral">&apos;required|string|max:100&apos;</highlight><highlight class="normal">,</highlight></codeline>
<codeline lineno="50"><highlight class="normal"><sp/><sp/><sp/><sp/><sp/><sp/><sp/><sp/><sp/><sp/><sp/><sp/></highlight><highlight class="stringliteral">&apos;Correo&apos;</highlight><highlight class="normal">=&gt;</highlight><highlight class="stringliteral">&apos;required|email&apos;</highlight><highlight class="normal">,</highlight></codeline>
<codeline lineno="51"><highlight class="normal"><sp/><sp/><sp/><sp/><sp/><sp/><sp/><sp/><sp/><sp/><sp/><sp/></highlight><highlight class="stringliteral">&apos;Foto&apos;</highlight><highlight class="normal">=&gt;</highlight><highlight class="stringliteral">&apos;required|max:10000|mimes:jpeg,png,jpg&apos;</highlight><highlight class="normal">,</highlight></codeline>
<codeline lineno="52"><highlight class="normal"><sp/><sp/><sp/><sp/><sp/><sp/><sp/><sp/></highlight></codeline>
<codeline lineno="53"><highlight class="normal"><sp/><sp/><sp/><sp/><sp/><sp/><sp/><sp/>];</highlight></codeline>
<codeline lineno="54"><highlight class="normal"></highlight></codeline>
<codeline lineno="55"><highlight class="normal"><sp/><sp/><sp/><sp/><sp/><sp/><sp/><sp/>$mensaje=[</highlight></codeline>
<codeline lineno="56"><highlight class="normal"><sp/><sp/><sp/><sp/><sp/><sp/><sp/><sp/><sp/><sp/><sp/><sp/></highlight><highlight class="stringliteral">&apos;required&apos;</highlight><highlight class="normal">=&gt;</highlight><highlight class="stringliteral">&apos;Se<sp/>requiere<sp/>:attribute&apos;</highlight><highlight class="normal"></highlight></codeline>
<codeline lineno="57"><highlight class="normal"><sp/><sp/><sp/><sp/><sp/><sp/><sp/><sp/>];</highlight></codeline>
<codeline lineno="58"><highlight class="normal"></highlight></codeline>
<codeline lineno="59"><highlight class="normal"><sp/><sp/><sp/><sp/><sp/><sp/><sp/><sp/>$this-&gt;validate($request,<sp/>$campos,<sp/>$mensaje);</highlight></codeline>
<codeline lineno="60"><highlight class="normal"></highlight></codeline>
<codeline lineno="61"><highlight class="normal"><sp/><sp/><sp/><sp/><sp/><sp/><sp/><sp/></highlight><highlight class="comment">//$datosEmpleado<sp/>=<sp/>request()-&gt;all();</highlight><highlight class="normal"></highlight></codeline>
<codeline lineno="62"><highlight class="normal"><sp/><sp/><sp/><sp/><sp/><sp/><sp/><sp/>$datosEmpleado<sp/>=<sp/>request()-&gt;except(</highlight><highlight class="stringliteral">&apos;_token&apos;</highlight><highlight class="normal">);</highlight></codeline>
<codeline lineno="63"><highlight class="normal"></highlight></codeline>
<codeline lineno="64"><highlight class="normal"><sp/><sp/><sp/><sp/><sp/><sp/><sp/><sp/></highlight><highlight class="keywordflow">if</highlight><highlight class="normal">($request-&gt;hasFile(</highlight><highlight class="stringliteral">&apos;Foto&apos;</highlight><highlight class="normal">)){</highlight></codeline>
<codeline lineno="65"><highlight class="normal"><sp/><sp/><sp/><sp/><sp/><sp/><sp/><sp/><sp/><sp/><sp/><sp/>$datosEmpleado[</highlight><highlight class="stringliteral">&apos;Foto&apos;</highlight><highlight class="normal">]=$request-&gt;file(</highlight><highlight class="stringliteral">&apos;Foto&apos;</highlight><highlight class="normal">)-&gt;store(</highlight><highlight class="stringliteral">&apos;uploads&apos;</highlight><highlight class="normal">,</highlight><highlight class="stringliteral">&apos;public&apos;</highlight><highlight class="normal">);</highlight></codeline>
<codeline lineno="66"><highlight class="normal"><sp/><sp/><sp/><sp/><sp/><sp/><sp/><sp/>}</highlight><highlight class="keywordflow">else</highlight><highlight class="normal">{</highlight></codeline>
<codeline lineno="67"><highlight class="normal"><sp/><sp/><sp/><sp/><sp/><sp/><sp/><sp/><sp/><sp/><sp/><sp/></highlight></codeline>
<codeline lineno="68"><highlight class="normal"><sp/><sp/><sp/><sp/><sp/><sp/><sp/><sp/>}</highlight></codeline>
<codeline lineno="69"><highlight class="normal"><sp/><sp/><sp/><sp/><sp/><sp/><sp/><sp/>Empleado::insert($datosEmpleado);</highlight></codeline>
<codeline lineno="70"><highlight class="normal"><sp/><sp/><sp/><sp/><sp/><sp/><sp/><sp/></highlight><highlight class="comment">//return<sp/>response()-&gt;json($datosEmpleado);</highlight><highlight class="normal"></highlight></codeline>
<codeline lineno="71"><highlight class="normal"></highlight></codeline>
<codeline lineno="72"><highlight class="normal"><sp/><sp/><sp/><sp/><sp/><sp/><sp/><sp/></highlight><highlight class="keywordflow">return</highlight><highlight class="normal"><sp/>redirect(</highlight><highlight class="stringliteral">&apos;empleado&apos;</highlight><highlight class="normal">)-&gt;with(</highlight><highlight class="stringliteral">&apos;mensaje&apos;</highlight><highlight class="normal">,</highlight><highlight class="stringliteral">&apos;Empleado<sp/>agregado<sp/>correctamente&apos;</highlight><highlight class="normal">);</highlight></codeline>
<codeline lineno="73"><highlight class="normal"><sp/><sp/><sp/><sp/>}</highlight></codeline>
<codeline lineno="74"><highlight class="normal"></highlight></codeline>
<codeline lineno="81"><highlight class="normal"><sp/><sp/><sp/><sp/></highlight><highlight class="keyword">public</highlight><highlight class="normal"><sp/></highlight><highlight class="keyword">function</highlight><highlight class="normal"><sp/><ref refid="class_app_1_1_http_1_1_controllers_1_1_empleado_controller_1a043090bbf0172e181aa523f70e24854b" kindref="member">show</ref>(Empleado<sp/>$empleado)</highlight></codeline>
<codeline lineno="82"><highlight class="normal"><sp/><sp/><sp/><sp/>{</highlight></codeline>
<codeline lineno="83"><highlight class="normal"><sp/><sp/><sp/><sp/><sp/><sp/><sp/><sp/></highlight><highlight class="comment">//</highlight><highlight class="normal"></highlight></codeline>
<codeline lineno="84"><highlight class="normal"><sp/><sp/><sp/><sp/>}</highlight></codeline>
<codeline lineno="85"><highlight class="normal"></highlight></codeline>
<codeline lineno="92"><highlight class="normal"><sp/><sp/><sp/><sp/></highlight><highlight class="keyword">public</highlight><highlight class="normal"><sp/></highlight><highlight class="keyword">function</highlight><highlight class="normal"><sp/><ref refid="class_app_1_1_http_1_1_controllers_1_1_empleado_controller_1a459ed16587e3a50b39b672c7e473abc5" kindref="member">edit</ref>($id)</highlight></codeline>
<codeline lineno="93"><highlight class="normal"><sp/><sp/><sp/><sp/>{</highlight></codeline>
<codeline lineno="94"><highlight class="normal"><sp/><sp/><sp/><sp/><sp/><sp/><sp/><sp/></highlight><highlight class="comment">//</highlight><highlight class="normal"></highlight></codeline>
<codeline lineno="95"><highlight class="normal"><sp/><sp/><sp/><sp/><sp/><sp/><sp/><sp/>$empleado=Empleado::findOrFail($id);</highlight></codeline>
<codeline lineno="96"><highlight class="normal"></highlight></codeline>
<codeline lineno="97"><highlight class="normal"><sp/><sp/><sp/><sp/><sp/><sp/><sp/><sp/></highlight><highlight class="keywordflow">return</highlight><highlight class="normal"><sp/>view(</highlight><highlight class="stringliteral">&apos;empleado.edit&apos;</highlight><highlight class="normal">,<sp/>compact(</highlight><highlight class="stringliteral">&apos;empleado&apos;</highlight><highlight class="normal">));</highlight></codeline>
<codeline lineno="98"><highlight class="normal"><sp/><sp/><sp/><sp/>}</highlight></codeline>
<codeline lineno="99"><highlight class="normal"></highlight></codeline>
<codeline lineno="107"><highlight class="normal"><sp/><sp/><sp/><sp/></highlight><highlight class="keyword">public</highlight><highlight class="normal"><sp/></highlight><highlight class="keyword">function</highlight><highlight class="normal"><sp/><ref refid="class_app_1_1_http_1_1_controllers_1_1_empleado_controller_1affb03cc19897a1800a0f411264d6c7cc" kindref="member">update</ref>(Request<sp/>$request,<sp/>$id)</highlight></codeline>
<codeline lineno="108"><highlight class="normal"><sp/><sp/><sp/><sp/>{</highlight></codeline>
<codeline lineno="109"><highlight class="normal"><sp/><sp/><sp/><sp/><sp/><sp/><sp/><sp/></highlight><highlight class="comment">//</highlight><highlight class="normal"></highlight></codeline>
<codeline lineno="110"><highlight class="normal"><sp/><sp/><sp/><sp/><sp/><sp/><sp/><sp/>$campos=[</highlight></codeline>
<codeline lineno="111"><highlight class="normal"><sp/><sp/><sp/><sp/><sp/><sp/><sp/><sp/><sp/><sp/><sp/><sp/></highlight><highlight class="stringliteral">&apos;Nombre&apos;</highlight><highlight class="normal">=&gt;</highlight><highlight class="stringliteral">&apos;required|string|max:100&apos;</highlight><highlight class="normal">,</highlight></codeline>
<codeline lineno="112"><highlight class="normal"><sp/><sp/><sp/><sp/><sp/><sp/><sp/><sp/><sp/><sp/><sp/><sp/></highlight><highlight class="stringliteral">&apos;ApellidoPaterno&apos;</highlight><highlight class="normal">=&gt;</highlight><highlight class="stringliteral">&apos;required|string|max:100&apos;</highlight><highlight class="normal">,</highlight></codeline>
<codeline lineno="113"><highlight class="normal"><sp/><sp/><sp/><sp/><sp/><sp/><sp/><sp/><sp/><sp/><sp/><sp/></highlight><highlight class="stringliteral">&apos;ApellidoMaterno&apos;</highlight><highlight class="normal">=&gt;</highlight><highlight class="stringliteral">&apos;required|string|max:100&apos;</highlight><highlight class="normal">,</highlight></codeline>
<codeline lineno="114"><highlight class="normal"><sp/><sp/><sp/><sp/><sp/><sp/><sp/><sp/><sp/><sp/><sp/><sp/></highlight><highlight class="stringliteral">&apos;Correo&apos;</highlight><highlight class="normal">=&gt;</highlight><highlight class="stringliteral">&apos;required|email&apos;</highlight><highlight class="normal">,</highlight></codeline>
<codeline lineno="115"><highlight class="normal"><sp/><sp/><sp/><sp/><sp/><sp/><sp/><sp/><sp/><sp/><sp/><sp/></highlight></codeline>
<codeline lineno="116"><highlight class="normal"><sp/><sp/><sp/><sp/><sp/><sp/><sp/><sp/></highlight></codeline>
<codeline lineno="117"><highlight class="normal"><sp/><sp/><sp/><sp/><sp/><sp/><sp/><sp/>];</highlight></codeline>
<codeline lineno="118"><highlight class="normal"></highlight></codeline>
<codeline lineno="119"><highlight class="normal"><sp/><sp/><sp/><sp/><sp/><sp/><sp/><sp/>$mensaje=[</highlight></codeline>
<codeline lineno="120"><highlight class="normal"><sp/><sp/><sp/><sp/><sp/><sp/><sp/><sp/><sp/><sp/><sp/><sp/></highlight><highlight class="stringliteral">&apos;required&apos;</highlight><highlight class="normal">=&gt;</highlight><highlight class="stringliteral">&apos;Se<sp/>requiere<sp/>:attribute&apos;</highlight><highlight class="normal"></highlight></codeline>
<codeline lineno="121"><highlight class="normal"><sp/><sp/><sp/><sp/><sp/><sp/><sp/><sp/>];</highlight></codeline>
<codeline lineno="122"><highlight class="normal"></highlight></codeline>
<codeline lineno="123"><highlight class="normal"><sp/><sp/><sp/><sp/><sp/><sp/><sp/><sp/></highlight><highlight class="keywordflow">if</highlight><highlight class="normal">($request-&gt;hasFile(</highlight><highlight class="stringliteral">&apos;Foto&apos;</highlight><highlight class="normal">)){</highlight></codeline>
<codeline lineno="124"><highlight class="normal"><sp/><sp/><sp/><sp/><sp/><sp/><sp/><sp/><sp/><sp/><sp/><sp/>$campos=[</highlight></codeline>
<codeline lineno="125"><highlight class="normal"><sp/><sp/><sp/><sp/><sp/><sp/><sp/><sp/><sp/><sp/><sp/><sp/><sp/><sp/><sp/><sp/></highlight><highlight class="stringliteral">&apos;Foto&apos;</highlight><highlight class="normal">=&gt;</highlight><highlight class="stringliteral">&apos;required|max:10000|mimes:jpeg,png,jpg&apos;</highlight><highlight class="normal"></highlight></codeline>
<codeline lineno="126"><highlight class="normal"><sp/><sp/><sp/><sp/><sp/><sp/><sp/><sp/><sp/><sp/><sp/><sp/>];</highlight></codeline>
<codeline lineno="127"><highlight class="normal"></highlight></codeline>
<codeline lineno="128"><highlight class="normal"><sp/><sp/><sp/><sp/><sp/><sp/><sp/><sp/><sp/><sp/><sp/><sp/>$mensaje=[</highlight></codeline>
<codeline lineno="129"><highlight class="normal"><sp/><sp/><sp/><sp/><sp/><sp/><sp/><sp/><sp/><sp/><sp/><sp/><sp/><sp/><sp/><sp/></highlight><highlight class="stringliteral">&apos;required&apos;</highlight><highlight class="normal">=&gt;</highlight><highlight class="stringliteral">&apos;Se<sp/>requiere<sp/>:attribute&apos;</highlight><highlight class="normal"></highlight></codeline>
<codeline lineno="130"><highlight class="normal"><sp/><sp/><sp/><sp/><sp/><sp/><sp/><sp/><sp/><sp/><sp/><sp/>];</highlight></codeline>
<codeline lineno="131"><highlight class="normal"><sp/><sp/><sp/><sp/><sp/><sp/><sp/><sp/>}</highlight></codeline>
<codeline lineno="132"><highlight class="normal"></highlight></codeline>
<codeline lineno="133"><highlight class="normal"><sp/><sp/><sp/><sp/><sp/><sp/><sp/><sp/>$this-&gt;validate($request,<sp/>$campos,<sp/>$mensaje);</highlight></codeline>
<codeline lineno="134"><highlight class="normal"></highlight></codeline>
<codeline lineno="135"><highlight class="normal"></highlight></codeline>
<codeline lineno="136"><highlight class="normal"><sp/><sp/><sp/><sp/><sp/><sp/><sp/><sp/>$datosEmpleado<sp/>=<sp/>request()-&gt;except(</highlight><highlight class="stringliteral">&apos;_token&apos;</highlight><highlight class="normal">,<sp/></highlight><highlight class="stringliteral">&apos;_method&apos;</highlight><highlight class="normal">);</highlight></codeline>
<codeline lineno="137"><highlight class="normal"></highlight></codeline>
<codeline lineno="138"><highlight class="normal"><sp/><sp/><sp/><sp/><sp/><sp/><sp/><sp/></highlight><highlight class="keywordflow">if</highlight><highlight class="normal">($request-&gt;hasFile(</highlight><highlight class="stringliteral">&apos;Foto&apos;</highlight><highlight class="normal">)){</highlight></codeline>
<codeline lineno="139"><highlight class="normal"><sp/><sp/><sp/><sp/><sp/><sp/><sp/><sp/><sp/><sp/><sp/><sp/>$empleado=Empleado::findOrFail($id);</highlight></codeline>
<codeline lineno="140"><highlight class="normal"><sp/><sp/><sp/><sp/><sp/><sp/><sp/><sp/><sp/><sp/><sp/><sp/>Storage::delete(</highlight><highlight class="stringliteral">&apos;public/&apos;</highlight><highlight class="normal">.$empleado-&gt;Foto);</highlight></codeline>
<codeline lineno="141"><highlight class="normal"><sp/><sp/><sp/><sp/><sp/><sp/><sp/><sp/><sp/><sp/><sp/><sp/>$datosEmpleado[</highlight><highlight class="stringliteral">&apos;Foto&apos;</highlight><highlight class="normal">]=$request-&gt;file(</highlight><highlight class="stringliteral">&apos;Foto&apos;</highlight><highlight class="normal">)-&gt;store(</highlight><highlight class="stringliteral">&apos;uploads&apos;</highlight><highlight class="normal">,</highlight><highlight class="stringliteral">&apos;public&apos;</highlight><highlight class="normal">);</highlight></codeline>
<codeline lineno="142"><highlight class="normal"><sp/><sp/><sp/><sp/><sp/><sp/><sp/><sp/>}</highlight></codeline>
<codeline lineno="143"><highlight class="normal"></highlight></codeline>
<codeline lineno="144"><highlight class="normal"><sp/><sp/><sp/><sp/><sp/><sp/><sp/><sp/>Empleado::where(</highlight><highlight class="stringliteral">&apos;id&apos;</highlight><highlight class="normal">,<sp/></highlight><highlight class="charliteral">&apos;=&apos;</highlight><highlight class="normal">,<sp/>$id)-&gt;<sp/><ref refid="class_app_1_1_http_1_1_controllers_1_1_empleado_controller_1affb03cc19897a1800a0f411264d6c7cc" kindref="member">update</ref>($datosEmpleado);</highlight></codeline>
<codeline lineno="145"><highlight class="normal"></highlight></codeline>
<codeline lineno="146"><highlight class="normal"><sp/><sp/><sp/><sp/><sp/><sp/><sp/><sp/>$empleado=Empleado::findOrFail($id);</highlight></codeline>
<codeline lineno="147"><highlight class="normal"></highlight></codeline>
<codeline lineno="148"><highlight class="normal"><sp/><sp/><sp/><sp/><sp/><sp/><sp/><sp/></highlight><highlight class="comment">//return<sp/>view(&apos;empleado.edit&apos;,<sp/>compact(&apos;empleado&apos;));</highlight><highlight class="normal"></highlight></codeline>
<codeline lineno="149"><highlight class="normal"><sp/><sp/><sp/><sp/><sp/><sp/><sp/><sp/></highlight><highlight class="keywordflow">return</highlight><highlight class="normal"><sp/>redirect(</highlight><highlight class="stringliteral">&apos;empleado&apos;</highlight><highlight class="normal">)-&gt;with(</highlight><highlight class="stringliteral">&apos;mensaje&apos;</highlight><highlight class="normal">,</highlight><highlight class="stringliteral">&apos;Empleado<sp/>Modificado&apos;</highlight><highlight class="normal">);</highlight></codeline>
<codeline lineno="150"><highlight class="normal"><sp/><sp/><sp/><sp/>}</highlight></codeline>
<codeline lineno="151"><highlight class="normal"></highlight></codeline>
<codeline lineno="158"><highlight class="normal"><sp/><sp/><sp/><sp/></highlight><highlight class="keyword">public</highlight><highlight class="normal"><sp/></highlight><highlight class="keyword">function</highlight><highlight class="normal"><sp/><ref refid="class_app_1_1_http_1_1_controllers_1_1_empleado_controller_1a726fa8a4b4b187b9ca32ba427aac8137" kindref="member">destroy</ref>($id)</highlight></codeline>
<codeline lineno="159"><highlight class="normal"><sp/><sp/><sp/><sp/>{</highlight></codeline>
<codeline lineno="160"><highlight class="normal"><sp/><sp/><sp/><sp/><sp/><sp/><sp/><sp/></highlight><highlight class="comment">//</highlight><highlight class="normal"></highlight></codeline>
<codeline lineno="161"><highlight class="normal"></highlight></codeline>
<codeline lineno="162"><highlight class="normal"><sp/><sp/><sp/><sp/><sp/><sp/><sp/><sp/>$empleado=Empleado::findOrFail($id);</highlight></codeline>
<codeline lineno="163"><highlight class="normal"></highlight></codeline>
<codeline lineno="164"><highlight class="normal"><sp/><sp/><sp/><sp/><sp/><sp/><sp/><sp/></highlight><highlight class="keywordflow">if</highlight><highlight class="normal">(Storage::delete(</highlight><highlight class="stringliteral">&apos;public/&apos;</highlight><highlight class="normal">.$empleado-&gt;Foto)){</highlight></codeline>
<codeline lineno="165"><highlight class="normal"><sp/><sp/><sp/><sp/><sp/><sp/><sp/><sp/><sp/><sp/><sp/><sp/>Empleado::destroy($id);</highlight></codeline>
<codeline lineno="166"><highlight class="normal"><sp/><sp/><sp/><sp/><sp/><sp/><sp/><sp/>}</highlight></codeline>
<codeline lineno="167"><highlight class="normal"></highlight></codeline>
<codeline lineno="168"><highlight class="normal"><sp/><sp/><sp/><sp/><sp/><sp/><sp/><sp/></highlight></codeline>
<codeline lineno="169"><highlight class="normal"><sp/><sp/><sp/><sp/><sp/><sp/><sp/><sp/></highlight><highlight class="keywordflow">return</highlight><highlight class="normal"><sp/>redirect(</highlight><highlight class="stringliteral">&apos;empleado&apos;</highlight><highlight class="normal">)-&gt;with(</highlight><highlight class="stringliteral">&apos;mensaje&apos;</highlight><highlight class="normal">,</highlight><highlight class="stringliteral">&apos;Empleado<sp/>eliminado<sp/>correctamente&apos;</highlight><highlight class="normal">);</highlight></codeline>
<codeline lineno="170"><highlight class="normal"><sp/><sp/><sp/><sp/>}</highlight></codeline>
<codeline lineno="171"><highlight class="normal"><sp/><sp/></highlight></codeline>
<codeline lineno="172"><highlight class="normal"></highlight><highlight class="keyword">public</highlight><highlight class="normal"><sp/></highlight><highlight class="keyword">function</highlight><highlight class="normal"><sp/><ref refid="class_app_1_1_http_1_1_controllers_1_1_empleado_controller_1a7e6ddcb4f6eca7aedb71bdd54df2a096" kindref="member">deleteall</ref>(Request<sp/>$request){</highlight></codeline>
<codeline lineno="173"><highlight class="normal"><sp/><sp/><sp/><sp/>$ids<sp/>=<sp/>$request-&gt;<sp/></highlight><highlight class="keyword">get</highlight><highlight class="normal">(</highlight><highlight class="stringliteral">&apos;ids&apos;</highlight><highlight class="normal">);</highlight></codeline>
<codeline lineno="174"><highlight class="normal"><sp/><sp/><sp/><sp/></highlight><highlight class="comment">//$dbs<sp/>=<sp/>DB::delete(&apos;delete<sp/>from<sp/>posts<sp/>where<sp/>id<sp/>in<sp/>(&apos;.implode(&quot;,&quot;,$ids).&apos;)&apos;);</highlight><highlight class="normal"></highlight></codeline>
<codeline lineno="175"><highlight class="normal"><sp/><sp/><sp/><sp/></highlight><highlight class="comment">//$dbs<sp/>=<sp/>DB::destroy(&apos;posts&apos;)-&gt;whereIn(&apos;id&apos;,<sp/>explode(&apos;,&apos;,$ids))-&gt;delete();</highlight><highlight class="normal"></highlight></codeline>
<codeline lineno="176"><highlight class="normal"><sp/><sp/><sp/><sp/>$dbs<sp/>=<sp/>DB::delete(</highlight><highlight class="stringliteral">&apos;Delete<sp/>from<sp/>empleado<sp/>where<sp/>id<sp/>in<sp/>(&apos;</highlight><highlight class="normal">.implode(</highlight><highlight class="stringliteral">&quot;,&quot;</highlight><highlight class="normal">,<sp/>$ids).</highlight><highlight class="charliteral">&apos;)&apos;</highlight><highlight class="normal">);</highlight></codeline>
<codeline lineno="177"><highlight class="normal"><sp/><sp/><sp/><sp/></highlight><highlight class="keywordflow">return</highlight><highlight class="normal"><sp/>redirect(</highlight><highlight class="stringliteral">&apos;posts&apos;</highlight><highlight class="normal">);</highlight></codeline>
<codeline lineno="178"><highlight class="normal">}</highlight></codeline>
<codeline lineno="179"><highlight class="normal"></highlight></codeline>
<codeline lineno="180"><highlight class="normal"></highlight></codeline>
<codeline lineno="181"><highlight class="normal">}</highlight></codeline>
    </programlisting>
    <location file="EmpleadoController.php"/>
  </compounddef>
</doxygen>
