<?xml version='1.0' encoding='UTF-8' standalone='no'?>
<doxygen xmlns:xsi="http://www.w3.org/2001/XMLSchema-instance" xsi:noNamespaceSchemaLocation="compound.xsd" version="1.9.2" xml:lang="es">
  <compounddef id="_home_controller_8php" kind="file" language="PHP">
    <compoundname>HomeController.php</compoundname>
    <innerclass refid="class_app_1_1_http_1_1_controllers_1_1_home_controller" prot="public">App::Http::Controllers::HomeController</innerclass>
    <innernamespace refid="namespace_app_1_1_http_1_1_controllers">App::Http::Controllers</innernamespace>
    <briefdescription>
    </briefdescription>
    <detaileddescription>
    </detaileddescription>
    <programlisting>
<codeline lineno="1"><highlight class="normal">&lt;?php</highlight></codeline>
<codeline lineno="2"><highlight class="normal"></highlight></codeline>
<codeline lineno="3"><highlight class="normal"></highlight><highlight class="keyword">namespace<sp/></highlight><highlight class="normal"><ref refid="namespace_app_1_1_http_1_1_controllers" kindref="compound">App\Http\Controllers</ref>;</highlight></codeline>
<codeline lineno="4"><highlight class="normal"></highlight></codeline>
<codeline lineno="5"><highlight class="normal">use<sp/>Illuminate\Http\Request;</highlight></codeline>
<codeline lineno="6"><highlight class="normal"></highlight></codeline>
<codeline lineno="7" refid="class_app_1_1_http_1_1_controllers_1_1_home_controller" refkind="compound"><highlight class="normal"></highlight><highlight class="keyword">class<sp/></highlight><highlight class="normal"><ref refid="class_app_1_1_http_1_1_controllers_1_1_home_controller" kindref="compound">HomeController</ref><sp/></highlight><highlight class="keyword">extends</highlight><highlight class="normal"><sp/><ref refid="class_app_1_1_http_1_1_controllers_1_1_controller" kindref="compound">Controller</ref></highlight></codeline>
<codeline lineno="8"><highlight class="normal">{</highlight></codeline>
<codeline lineno="14"><highlight class="normal"><sp/><sp/><sp/><sp/></highlight><highlight class="keyword">public</highlight><highlight class="normal"><sp/></highlight><highlight class="keyword">function</highlight><highlight class="normal"><sp/><ref refid="class_app_1_1_http_1_1_controllers_1_1_home_controller_1a095c5d389db211932136b53f25f39685" kindref="member">__construct</ref>()</highlight></codeline>
<codeline lineno="15"><highlight class="normal"><sp/><sp/><sp/><sp/>{</highlight></codeline>
<codeline lineno="16"><highlight class="normal"><sp/><sp/><sp/><sp/><sp/><sp/><sp/><sp/>$this-&gt;middleware(</highlight><highlight class="stringliteral">&apos;auth&apos;</highlight><highlight class="normal">);</highlight></codeline>
<codeline lineno="17"><highlight class="normal"><sp/><sp/><sp/><sp/>}</highlight></codeline>
<codeline lineno="18"><highlight class="normal"></highlight></codeline>
<codeline lineno="24"><highlight class="normal"><sp/><sp/><sp/><sp/></highlight><highlight class="keyword">public</highlight><highlight class="normal"><sp/></highlight><highlight class="keyword">function</highlight><highlight class="normal"><sp/><ref refid="class_app_1_1_http_1_1_controllers_1_1_home_controller_1a149eb92716c1084a935e04a8d95f7347" kindref="member">index</ref>()</highlight></codeline>
<codeline lineno="25"><highlight class="normal"><sp/><sp/><sp/><sp/>{</highlight></codeline>
<codeline lineno="26"><highlight class="normal"><sp/><sp/><sp/><sp/><sp/><sp/><sp/><sp/></highlight><highlight class="keywordflow">return</highlight><highlight class="normal"><sp/>view(</highlight><highlight class="stringliteral">&apos;home&apos;</highlight><highlight class="normal">);</highlight></codeline>
<codeline lineno="27"><highlight class="normal"><sp/><sp/><sp/><sp/>}</highlight></codeline>
<codeline lineno="28"><highlight class="normal">}</highlight></codeline>
    </programlisting>
    <location file="HomeController.php"/>
  </compounddef>
</doxygen>
