<?xml version='1.0' encoding='UTF-8' standalone='no'?>
<doxygen xmlns:xsi="http://www.w3.org/2001/XMLSchema-instance" xsi:noNamespaceSchemaLocation="compound.xsd" version="1.9.2" xml:lang="es">
  <compounddef id="class_app_1_1_http_1_1_controllers_1_1_empleado_controller" kind="class" language="PHP" prot="public">
    <compoundname>App::Http::Controllers::EmpleadoController</compoundname>
    <basecompoundref refid="class_app_1_1_http_1_1_controllers_1_1_controller" prot="public" virt="non-virtual">Controller</basecompoundref>
      <sectiondef kind="public-func">
      <memberdef kind="function" id="class_app_1_1_http_1_1_controllers_1_1_empleado_controller_1a149eb92716c1084a935e04a8d95f7347" prot="public" static="no" const="no" explicit="no" inline="no" virt="non-virtual">
        <type></type>
        <definition>index</definition>
        <argsstring>()</argsstring>
        <name>index</name>
        <briefdescription>
        </briefdescription>
        <detaileddescription>
<para>Display a listing of the resource.</para>
<para><simplesect kind="return"><para>\Illuminate\Http\Response </para>
</simplesect>
</para>
        </detaileddescription>
        <inbodydescription>
        </inbodydescription>
        <location file="EmpleadoController.php" line="18" column="21" bodyfile="EmpleadoController.php" bodystart="18" bodyend="23"/>
      </memberdef>
      <memberdef kind="function" id="class_app_1_1_http_1_1_controllers_1_1_empleado_controller_1a435e7d7525d4bcd0ed5e34a469f3adf6" prot="public" static="no" const="no" explicit="no" inline="no" virt="non-virtual">
        <type></type>
        <definition>create</definition>
        <argsstring>()</argsstring>
        <name>create</name>
        <briefdescription>
        </briefdescription>
        <detaileddescription>
<para>Show the form for creating a new resource.</para>
<para><simplesect kind="return"><para>\Illuminate\Http\Response </para>
</simplesect>
</para>
        </detaileddescription>
        <inbodydescription>
        </inbodydescription>
        <location file="EmpleadoController.php" line="30" column="21" bodyfile="EmpleadoController.php" bodystart="30" bodyend="34"/>
      </memberdef>
      <memberdef kind="function" id="class_app_1_1_http_1_1_controllers_1_1_empleado_controller_1a9ef485163104597c12185b53cdacf638" prot="public" static="no" const="no" explicit="no" inline="no" virt="non-virtual">
        <type></type>
        <definition>store</definition>
        <argsstring>(Request $request)</argsstring>
        <name>store</name>
        <param>
          <type>Request</type>
          <declname>$request</declname>
        </param>
        <briefdescription>
        </briefdescription>
        <detaileddescription>
<para>Store a newly created resource in storage.</para>
<para><parameterlist kind="param"><parameteritem>
<parameternamelist>
<parametertype>\Illuminate\Http\Request</parametertype>
<parametername>$request</parametername>
</parameternamelist>
<parameterdescription>
<para></para>
</parameterdescription>
</parameteritem>
</parameterlist>
<simplesect kind="return"><para>\Illuminate\Http\Response </para>
</simplesect>
</para>
        </detaileddescription>
        <inbodydescription>
        </inbodydescription>
        <location file="EmpleadoController.php" line="42" column="21" bodyfile="EmpleadoController.php" bodystart="42" bodyend="73"/>
      </memberdef>
      <memberdef kind="function" id="class_app_1_1_http_1_1_controllers_1_1_empleado_controller_1a043090bbf0172e181aa523f70e24854b" prot="public" static="no" const="no" explicit="no" inline="no" virt="non-virtual">
        <type></type>
        <definition>show</definition>
        <argsstring>(Empleado $empleado)</argsstring>
        <name>show</name>
        <param>
          <type>Empleado</type>
          <declname>$empleado</declname>
        </param>
        <briefdescription>
        </briefdescription>
        <detaileddescription>
<para>Display the specified resource.</para>
<para><parameterlist kind="param"><parameteritem>
<parameternamelist>
<parametertype>\App\Models\Empleado</parametertype>
<parametername>$empleado</parametername>
</parameternamelist>
<parameterdescription>
<para></para>
</parameterdescription>
</parameteritem>
</parameterlist>
<simplesect kind="return"><para>\Illuminate\Http\Response </para>
</simplesect>
</para>
        </detaileddescription>
        <inbodydescription>
        </inbodydescription>
        <location file="EmpleadoController.php" line="81" column="21" bodyfile="EmpleadoController.php" bodystart="81" bodyend="84"/>
      </memberdef>
      <memberdef kind="function" id="class_app_1_1_http_1_1_controllers_1_1_empleado_controller_1a459ed16587e3a50b39b672c7e473abc5" prot="public" static="no" const="no" explicit="no" inline="no" virt="non-virtual">
        <type></type>
        <definition>edit</definition>
        <argsstring>($id)</argsstring>
        <name>edit</name>
        <param>
          <declname>$id</declname>
        </param>
        <briefdescription>
        </briefdescription>
        <detaileddescription>
<para>Show the form for editing the specified resource.</para>
<para><parameterlist kind="param"><parameteritem>
<parameternamelist>
<parametertype>\App\Models\Empleado</parametertype>
<parametername>$empleado</parametername>
</parameternamelist>
<parameterdescription>
<para></para>
</parameterdescription>
</parameteritem>
</parameterlist>
<simplesect kind="return"><para>\Illuminate\Http\Response </para>
</simplesect>
</para>
        </detaileddescription>
        <inbodydescription>
        </inbodydescription>
        <location file="EmpleadoController.php" line="92" column="21" bodyfile="EmpleadoController.php" bodystart="92" bodyend="98"/>
      </memberdef>
      <memberdef kind="function" id="class_app_1_1_http_1_1_controllers_1_1_empleado_controller_1affb03cc19897a1800a0f411264d6c7cc" prot="public" static="no" const="no" explicit="no" inline="no" virt="non-virtual">
        <type></type>
        <definition>update</definition>
        <argsstring>(Request $request, $id)</argsstring>
        <name>update</name>
        <param>
          <type>Request</type>
          <declname>$request</declname>
        </param>
        <param>
          <declname>$id</declname>
        </param>
        <briefdescription>
        </briefdescription>
        <detaileddescription>
<para>Update the specified resource in storage.</para>
<para><parameterlist kind="param"><parameteritem>
<parameternamelist>
<parametertype>\Illuminate\Http\Request</parametertype>
<parametername>$request</parametername>
</parameternamelist>
<parameterdescription>
<para></para>
</parameterdescription>
</parameteritem>
<parameteritem>
<parameternamelist>
<parametertype>\App\Models\Empleado</parametertype>
<parametername>$empleado</parametername>
</parameternamelist>
<parameterdescription>
<para></para>
</parameterdescription>
</parameteritem>
</parameterlist>
<simplesect kind="return"><para>\Illuminate\Http\Response </para>
</simplesect>
</para>
        </detaileddescription>
        <inbodydescription>
        </inbodydescription>
        <location file="EmpleadoController.php" line="107" column="21" bodyfile="EmpleadoController.php" bodystart="107" bodyend="150"/>
      </memberdef>
      <memberdef kind="function" id="class_app_1_1_http_1_1_controllers_1_1_empleado_controller_1a726fa8a4b4b187b9ca32ba427aac8137" prot="public" static="no" const="no" explicit="no" inline="no" virt="non-virtual">
        <type></type>
        <definition>destroy</definition>
        <argsstring>($id)</argsstring>
        <name>destroy</name>
        <param>
          <declname>$id</declname>
        </param>
        <briefdescription>
        </briefdescription>
        <detaileddescription>
<para>Remove the specified resource from storage.</para>
<para><parameterlist kind="param"><parameteritem>
<parameternamelist>
<parametertype>\App\Models\Empleado</parametertype>
<parametername>$empleado</parametername>
</parameternamelist>
<parameterdescription>
<para></para>
</parameterdescription>
</parameteritem>
</parameterlist>
<simplesect kind="return"><para>\Illuminate\Http\Response </para>
</simplesect>
</para>
        </detaileddescription>
        <inbodydescription>
        </inbodydescription>
        <location file="EmpleadoController.php" line="158" column="21" bodyfile="EmpleadoController.php" bodystart="158" bodyend="170"/>
      </memberdef>
      <memberdef kind="function" id="class_app_1_1_http_1_1_controllers_1_1_empleado_controller_1a7e6ddcb4f6eca7aedb71bdd54df2a096" prot="public" static="no" const="no" explicit="no" inline="no" virt="non-virtual">
        <type></type>
        <definition>deleteall</definition>
        <argsstring>(Request $request)</argsstring>
        <name>deleteall</name>
        <param>
          <type>Request</type>
          <declname>$request</declname>
        </param>
        <briefdescription>
        </briefdescription>
        <detaileddescription>
        </detaileddescription>
        <inbodydescription>
        </inbodydescription>
        <location file="EmpleadoController.php" line="172" column="17" bodyfile="EmpleadoController.php" bodystart="172" bodyend="178"/>
      </memberdef>
      </sectiondef>
    <briefdescription>
    </briefdescription>
    <detaileddescription>
    </detaileddescription>
    <inheritancegraph>
      <node id="2">
        <label>Controller</label>
        <link refid="class_app_1_1_http_1_1_controllers_1_1_controller"/>
        <childnode refid="3" relation="public-inheritance">
        </childnode>
      </node>
      <node id="3">
        <label>BaseController</label>
      </node>
      <node id="1">
        <label>EmpleadoController</label>
        <link refid="class_app_1_1_http_1_1_controllers_1_1_empleado_controller"/>
        <childnode refid="2" relation="public-inheritance">
        </childnode>
      </node>
    </inheritancegraph>
    <collaborationgraph>
      <node id="2">
        <label>Controller</label>
        <link refid="class_app_1_1_http_1_1_controllers_1_1_controller"/>
        <childnode refid="3" relation="public-inheritance">
        </childnode>
      </node>
      <node id="3">
        <label>BaseController</label>
      </node>
      <node id="1">
        <label>EmpleadoController</label>
        <link refid="class_app_1_1_http_1_1_controllers_1_1_empleado_controller"/>
        <childnode refid="2" relation="public-inheritance">
        </childnode>
      </node>
    </collaborationgraph>
    <location file="EmpleadoController.php" line="11" column="1" bodyfile="EmpleadoController.php" bodystart="12" bodyend="181"/>
    <listofallmembers>
      <member refid="class_app_1_1_http_1_1_controllers_1_1_empleado_controller_1a435e7d7525d4bcd0ed5e34a469f3adf6" prot="public" virt="non-virtual"><scope>App::Http::Controllers::EmpleadoController</scope><name>create</name></member>
      <member refid="class_app_1_1_http_1_1_controllers_1_1_empleado_controller_1a7e6ddcb4f6eca7aedb71bdd54df2a096" prot="public" virt="non-virtual"><scope>App::Http::Controllers::EmpleadoController</scope><name>deleteall</name></member>
      <member refid="class_app_1_1_http_1_1_controllers_1_1_empleado_controller_1a726fa8a4b4b187b9ca32ba427aac8137" prot="public" virt="non-virtual"><scope>App::Http::Controllers::EmpleadoController</scope><name>destroy</name></member>
      <member refid="class_app_1_1_http_1_1_controllers_1_1_empleado_controller_1a459ed16587e3a50b39b672c7e473abc5" prot="public" virt="non-virtual"><scope>App::Http::Controllers::EmpleadoController</scope><name>edit</name></member>
      <member refid="class_app_1_1_http_1_1_controllers_1_1_empleado_controller_1a149eb92716c1084a935e04a8d95f7347" prot="public" virt="non-virtual"><scope>App::Http::Controllers::EmpleadoController</scope><name>index</name></member>
      <member refid="class_app_1_1_http_1_1_controllers_1_1_empleado_controller_1a043090bbf0172e181aa523f70e24854b" prot="public" virt="non-virtual"><scope>App::Http::Controllers::EmpleadoController</scope><name>show</name></member>
      <member refid="class_app_1_1_http_1_1_controllers_1_1_empleado_controller_1a9ef485163104597c12185b53cdacf638" prot="public" virt="non-virtual"><scope>App::Http::Controllers::EmpleadoController</scope><name>store</name></member>
      <member refid="class_app_1_1_http_1_1_controllers_1_1_empleado_controller_1affb03cc19897a1800a0f411264d6c7cc" prot="public" virt="non-virtual"><scope>App::Http::Controllers::EmpleadoController</scope><name>update</name></member>
    </listofallmembers>
  </compounddef>
</doxygen>
