<?xml version='1.0' encoding='UTF-8' standalone='no'?>
<doxygen xmlns:xsi="http://www.w3.org/2001/XMLSchema-instance" xsi:noNamespaceSchemaLocation="compound.xsd" version="1.9.2" xml:lang="es">
  <compounddef id="class_app_1_1_http_1_1_controllers_1_1_controller" kind="class" language="PHP" prot="public">
    <compoundname>App::Http::Controllers::Controller</compoundname>
    <basecompoundref prot="public" virt="non-virtual">BaseController</basecompoundref>
    <derivedcompoundref refid="class_app_1_1_http_1_1_controllers_1_1_empleado_controller" prot="public" virt="non-virtual">EmpleadoController</derivedcompoundref>
    <derivedcompoundref refid="class_app_1_1_http_1_1_controllers_1_1_home_controller" prot="public" virt="non-virtual">HomeController</derivedcompoundref>
    <briefdescription>
    </briefdescription>
    <detaileddescription>
    </detaileddescription>
    <inheritancegraph>
      <node id="3">
        <label>EmpleadoController</label>
        <link refid="class_app_1_1_http_1_1_controllers_1_1_empleado_controller"/>
        <childnode refid="1" relation="public-inheritance">
        </childnode>
      </node>
      <node id="4">
        <label>HomeController</label>
        <link refid="class_app_1_1_http_1_1_controllers_1_1_home_controller"/>
        <childnode refid="1" relation="public-inheritance">
        </childnode>
      </node>
      <node id="2">
        <label>BaseController</label>
      </node>
      <node id="1">
        <label>Controller</label>
        <link refid="class_app_1_1_http_1_1_controllers_1_1_controller"/>
        <childnode refid="2" relation="public-inheritance">
        </childnode>
      </node>
    </inheritancegraph>
    <collaborationgraph>
      <node id="2">
        <label>BaseController</label>
      </node>
      <node id="1">
        <label>Controller</label>
        <link refid="class_app_1_1_http_1_1_controllers_1_1_controller"/>
        <childnode refid="2" relation="public-inheritance">
        </childnode>
      </node>
    </collaborationgraph>
    <location file="Controller.php" line="10" column="1" bodyfile="Controller.php" bodystart="11" bodyend="13"/>
    <listofallmembers>
    </listofallmembers>
  </compounddef>
</doxygen>
