<?xml version='1.0' encoding='UTF-8' standalone='no'?>
<doxygen xmlns:xsi="http://www.w3.org/2001/XMLSchema-instance" xsi:noNamespaceSchemaLocation="compound.xsd" version="1.9.2" xml:lang="es">
  <compounddef id="class_app_1_1_http_1_1_controllers_1_1_home_controller" kind="class" language="PHP" prot="public">
    <compoundname>App::Http::Controllers::HomeController</compoundname>
    <basecompoundref refid="class_app_1_1_http_1_1_controllers_1_1_controller" prot="public" virt="non-virtual">Controller</basecompoundref>
      <sectiondef kind="public-func">
      <memberdef kind="function" id="class_app_1_1_http_1_1_controllers_1_1_home_controller_1a095c5d389db211932136b53f25f39685" prot="public" static="no" const="no" explicit="no" inline="no" virt="non-virtual">
        <type></type>
        <definition>__construct</definition>
        <argsstring>()</argsstring>
        <name>__construct</name>
        <briefdescription>
        </briefdescription>
        <detaileddescription>
<para>Create a new controller instance.</para>
<para><simplesect kind="return"><para>void </para>
</simplesect>
</para>
        </detaileddescription>
        <inbodydescription>
        </inbodydescription>
        <location file="HomeController.php" line="14" column="21" bodyfile="HomeController.php" bodystart="14" bodyend="17"/>
      </memberdef>
      <memberdef kind="function" id="class_app_1_1_http_1_1_controllers_1_1_home_controller_1a149eb92716c1084a935e04a8d95f7347" prot="public" static="no" const="no" explicit="no" inline="no" virt="non-virtual">
        <type></type>
        <definition>index</definition>
        <argsstring>()</argsstring>
        <name>index</name>
        <briefdescription>
        </briefdescription>
        <detaileddescription>
<para>Show the application dashboard.</para>
<para><simplesect kind="return"><para>\Illuminate\Contracts\Support\Renderable </para>
</simplesect>
</para>
        </detaileddescription>
        <inbodydescription>
        </inbodydescription>
        <location file="HomeController.php" line="24" column="21" bodyfile="HomeController.php" bodystart="24" bodyend="27"/>
      </memberdef>
      </sectiondef>
    <briefdescription>
    </briefdescription>
    <detaileddescription>
    </detaileddescription>
    <inheritancegraph>
      <node id="2">
        <label>Controller</label>
        <link refid="class_app_1_1_http_1_1_controllers_1_1_controller"/>
        <childnode refid="3" relation="public-inheritance">
        </childnode>
      </node>
      <node id="3">
        <label>BaseController</label>
      </node>
      <node id="1">
        <label>HomeController</label>
        <link refid="class_app_1_1_http_1_1_controllers_1_1_home_controller"/>
        <childnode refid="2" relation="public-inheritance">
        </childnode>
      </node>
    </inheritancegraph>
    <collaborationgraph>
      <node id="2">
        <label>Controller</label>
        <link refid="class_app_1_1_http_1_1_controllers_1_1_controller"/>
        <childnode refid="3" relation="public-inheritance">
        </childnode>
      </node>
      <node id="3">
        <label>BaseController</label>
      </node>
      <node id="1">
        <label>HomeController</label>
        <link refid="class_app_1_1_http_1_1_controllers_1_1_home_controller"/>
        <childnode refid="2" relation="public-inheritance">
        </childnode>
      </node>
    </collaborationgraph>
    <location file="HomeController.php" line="7" column="1" bodyfile="HomeController.php" bodystart="8" bodyend="28"/>
    <listofallmembers>
      <member refid="class_app_1_1_http_1_1_controllers_1_1_home_controller_1a095c5d389db211932136b53f25f39685" prot="public" virt="non-virtual"><scope>App::Http::Controllers::HomeController</scope><name>__construct</name></member>
      <member refid="class_app_1_1_http_1_1_controllers_1_1_home_controller_1a149eb92716c1084a935e04a8d95f7347" prot="public" virt="non-virtual"><scope>App::Http::Controllers::HomeController</scope><name>index</name></member>
    </listofallmembers>
  </compounddef>
</doxygen>
