<?xml version='1.0' encoding='UTF-8' standalone='no'?>
<doxygenindex xmlns:xsi="http://www.w3.org/2001/XMLSchema-instance" xsi:noNamespaceSchemaLocation="index.xsd" version="1.9.2" xml:lang="es">
  <compound refid="class_app_1_1_http_1_1_controllers_1_1_controller" kind="class"><name>App::Http::Controllers::Controller</name>
  </compound>
  <compound refid="class_app_1_1_http_1_1_controllers_1_1_empleado_controller" kind="class"><name>App::Http::Controllers::EmpleadoController</name>
    <member refid="class_app_1_1_http_1_1_controllers_1_1_empleado_controller_1a149eb92716c1084a935e04a8d95f7347" kind="function"><name>index</name></member>
    <member refid="class_app_1_1_http_1_1_controllers_1_1_empleado_controller_1a435e7d7525d4bcd0ed5e34a469f3adf6" kind="function"><name>create</name></member>
    <member refid="class_app_1_1_http_1_1_controllers_1_1_empleado_controller_1a9ef485163104597c12185b53cdacf638" kind="function"><name>store</name></member>
    <member refid="class_app_1_1_http_1_1_controllers_1_1_empleado_controller_1a043090bbf0172e181aa523f70e24854b" kind="function"><name>show</name></member>
    <member refid="class_app_1_1_http_1_1_controllers_1_1_empleado_controller_1a459ed16587e3a50b39b672c7e473abc5" kind="function"><name>edit</name></member>
    <member refid="class_app_1_1_http_1_1_controllers_1_1_empleado_controller_1affb03cc19897a1800a0f411264d6c7cc" kind="function"><name>update</name></member>
    <member refid="class_app_1_1_http_1_1_controllers_1_1_empleado_controller_1a726fa8a4b4b187b9ca32ba427aac8137" kind="function"><name>destroy</name></member>
    <member refid="class_app_1_1_http_1_1_controllers_1_1_empleado_controller_1a7e6ddcb4f6eca7aedb71bdd54df2a096" kind="function"><name>deleteall</name></member>
  </compound>
  <compound refid="class_app_1_1_http_1_1_controllers_1_1_home_controller" kind="class"><name>App::Http::Controllers::HomeController</name>
    <member refid="class_app_1_1_http_1_1_controllers_1_1_home_controller_1a095c5d389db211932136b53f25f39685" kind="function"><name>__construct</name></member>
    <member refid="class_app_1_1_http_1_1_controllers_1_1_home_controller_1a149eb92716c1084a935e04a8d95f7347" kind="function"><name>index</name></member>
  </compound>
  <compound refid="namespace_app" kind="namespace"><name>App</name>
  </compound>
  <compound refid="namespace_app_1_1_http" kind="namespace"><name>App::Http</name>
  </compound>
  <compound refid="namespace_app_1_1_http_1_1_controllers" kind="namespace"><name>App::Http::Controllers</name>
  </compound>
  <compound refid="namespace_app_1_1_models_1_1_empleado" kind="namespace"><name>App::Models::Empleado</name>
  </compound>
  <compound refid="namespace_authorizes_requests" kind="namespace"><name>AuthorizesRequests</name>
  </compound>
  <compound refid="namespace_dispatches_jobs" kind="namespace"><name>DispatchesJobs</name>
  </compound>
  <compound refid="namespace_illuminate_1_1_foundation_1_1_auth_1_1_access_1_1_authorizes_requests" kind="namespace"><name>Illuminate::Foundation::Auth::Access::AuthorizesRequests</name>
  </compound>
  <compound refid="namespace_illuminate_1_1_foundation_1_1_bus_1_1_dispatches_jobs" kind="namespace"><name>Illuminate::Foundation::Bus::DispatchesJobs</name>
  </compound>
  <compound refid="namespace_illuminate_1_1_foundation_1_1_validation_1_1_validates_requests" kind="namespace"><name>Illuminate::Foundation::Validation::ValidatesRequests</name>
  </compound>
  <compound refid="namespace_illuminate_1_1_http_1_1_request" kind="namespace"><name>Illuminate::Http::Request</name>
  </compound>
  <compound refid="namespace_illuminate_1_1_support_1_1_facades_1_1_d_b" kind="namespace"><name>Illuminate::Support::Facades::DB</name>
  </compound>
  <compound refid="namespace_illuminate_1_1_support_1_1_facades_1_1_storage" kind="namespace"><name>Illuminate::Support::Facades::Storage</name>
  </compound>
  <compound refid="namespace_validates_requests" kind="namespace"><name>ValidatesRequests</name>
  </compound>
  <compound refid="_controller_8php" kind="file"><name>Controller.php</name>
  </compound>
  <compound refid="_empleado_controller_8php" kind="file"><name>EmpleadoController.php</name>
  </compound>
  <compound refid="_home_controller_8php" kind="file"><name>HomeController.php</name>
  </compound>
</doxygenindex>
