<?xml version='1.0' encoding='UTF-8' standalone='no'?>
<doxygen xmlns:xsi="http://www.w3.org/2001/XMLSchema-instance" xsi:noNamespaceSchemaLocation="compound.xsd" version="1.9.2" xml:lang="es">
  <compounddef id="namespace_illuminate_1_1_support_1_1_facades_1_1_d_b" kind="namespace" language="PHP">
    <compoundname>Illuminate::Support::Facades::DB</compoundname>
    <briefdescription>
    </briefdescription>
    <detaileddescription>
    </detaileddescription>
    <location file="EmpleadoController.php" line="1" column="1"/>
  </compounddef>
</doxygen>
