<?xml version='1.0' encoding='UTF-8' standalone='no'?>
<doxygen xmlns:xsi="http://www.w3.org/2001/XMLSchema-instance" xsi:noNamespaceSchemaLocation="compound.xsd" version="1.9.2" xml:lang="es">
  <compounddef id="namespace_illuminate_1_1_foundation_1_1_auth_1_1_access_1_1_authorizes_requests" kind="namespace" language="PHP">
    <compoundname>Illuminate::Foundation::Auth::Access::AuthorizesRequests</compoundname>
    <briefdescription>
    </briefdescription>
    <detaileddescription>
    </detaileddescription>
    <location file="Controller.php" line="1" column="1"/>
  </compounddef>
</doxygen>
