<?xml version='1.0' encoding='UTF-8' standalone='no'?>
<doxygen xmlns:xsi="http://www.w3.org/2001/XMLSchema-instance" xsi:noNamespaceSchemaLocation="compound.xsd" version="1.9.2" xml:lang="es">
  <compounddef id="namespace_app_1_1_models_1_1_empleado" kind="namespace" language="PHP">
    <compoundname>App::Models::Empleado</compoundname>
    <briefdescription>
    </briefdescription>
    <detaileddescription>
    </detaileddescription>
    <location file="EmpleadoController.php" line="1" column="1"/>
  </compounddef>
</doxygen>
