<?xml version='1.0' encoding='UTF-8' standalone='no'?>
<doxygen xmlns:xsi="http://www.w3.org/2001/XMLSchema-instance" xsi:noNamespaceSchemaLocation="compound.xsd" version="1.9.2" xml:lang="es">
  <compounddef id="namespace_app_1_1_http_1_1_controllers" kind="namespace" language="PHP">
    <compoundname>App::Http::Controllers</compoundname>
    <innerclass refid="class_app_1_1_http_1_1_controllers_1_1_controller" prot="public">App::Http::Controllers::Controller</innerclass>
    <innerclass refid="class_app_1_1_http_1_1_controllers_1_1_empleado_controller" prot="public">App::Http::Controllers::EmpleadoController</innerclass>
    <innerclass refid="class_app_1_1_http_1_1_controllers_1_1_home_controller" prot="public">App::Http::Controllers::HomeController</innerclass>
    <briefdescription>
    </briefdescription>
    <detaileddescription>
    </detaileddescription>
    <location file="Controller.php" line="3" column="10"/>
  </compounddef>
</doxygen>
